id,category,title,severity,code,field,detail
sa8,salads,סלט כרוב מרוקאי,medium,short_step,steps[1],"שלב 1 קצר מאוד (15 תווים): ""מגררים כרוב דק."""
v6,veg,כרוב מבושל מרוקאי,medium,short_step,steps[3],"שלב 3 קצר מאוד (18 תווים): ""מוסיפים כרוב ומים."""
d1,des,מופלטה מסורתית,medium,vague_quantity,ingr[6],"כמות מעורפלת: ""לפי הצורך"" (עבור ""שמן — לעבודה"")"
sx1,soups,מרק חומוס מרוקאי,medium,short_step,steps[3],"שלב 3 קצר מאוד (19 תווים): ""מוסיפים חומוס ומים."""
mx7,meat,תבשיל בשר עם חומוס,medium,short_step,steps[1],"שלב 1 קצר מאוד (16 תווים): ""מטגנים בצל ושום."""
cx4,chick,עוף עם קישואים,medium,short_step,steps[3],"שלב 3 קצר מאוד (16 תווים): ""מוסיפים קישואים."""
hx1,hol,סלטים חגיגיים מרוקאיים,medium,short_step,steps[3],"שלב 3 קצר מאוד (15 תווים): ""מכינים סלט גזר."""
sn3,soups,מרק אפונה יבשה,medium,short_step,steps[1],"שלב 1 קצר מאוד (16 תווים): ""מטגנים בצל ושום."""
sn5,soups,מרק בטטה וג׳ינג׳ר,medium,short_step,steps[1],"שלב 1 קצר מאוד (19 תווים): ""מטגנים בצל עד שקוף."""
sn5,soups,מרק בטטה וג׳ינג׳ר,medium,short_step,steps[3],"שלב 3 קצר מאוד (18 תווים): ""מוסיפים בטטה ומים."""
sn6,soups,ברקוקס — מרק גריסי פנינה,medium,short_step,steps[4],"שלב 4 קצר מאוד (15 תווים): ""מבשלים 45 דקות."""
sn7,soups,מרק סלק מרוקאי,medium,short_step,steps[1],"שלב 1 קצר מאוד (16 תווים): ""מטגנים בצל ושום."""
sn9,soups,חרירה צמחונית,medium,short_step,steps[2],"שלב 2 קצר מאוד (14 תווים): ""מבשלים 5 דקות."""
sn10,soups,מרק עדשים ירוקות,medium,short_step,steps[2],"שלב 2 קצר מאוד (19 תווים): ""מוסיפים עדשים ומים."""
sn11,soups,מרק שומר ולימון מרוקאי,medium,short_step,steps[2],"שלב 2 קצר מאוד (18 תווים): ""מוסיפים שום וכמון."""
san2,salads,סלט כרובית מרוקאי,medium,short_step,steps[2],"שלב 2 קצר מאוד (15 תווים): ""מסננים ומצננים."""
san6,salads,סלט ארטישוק מרוקאי,medium,short_step,steps[2],"שלב 2 קצר מאוד (15 תווים): ""מסננים ומצננים."""
san8,salads,סלט פול ירוק קר עם כמון,medium,short_step,steps[2],"שלב 2 קצר מאוד (13 תווים): ""מצננים לגמרי."""
san15,salads,סלט תרד קר עם שומשום,medium,short_step,steps[2],"שלב 2 קצר מאוד (13 תווים): ""מצננים לגמרי."""
san16,salads,סלט ברוקולי מרוקאי,medium,short_step,steps[2],"שלב 2 קצר מאוד (15 תווים): ""מסננים ומצננים."""
san17,salads,סלט כוסברה ולימון,medium,short_step,steps[1],"שלב 1 קצר מאוד (17 תווים): ""קוצצים כוסברה גס."""
hn1,hol,טאג׳ין עוף עם ארטישוק ולימון,medium,short_step,steps[4],"שלב 4 קצר מאוד (15 תווים): ""מבשלים 30 דקות."""
hn3,hol,טאג׳ין כבש עם ירקות שורש,medium,short_step,steps[4],"שלב 4 קצר מאוד (15 תווים): ""מבשלים 50 דקות."""
hn5,hol,טאג׳ין עוף עם לימון כבוש וזעפרן,medium,short_step,steps[3],"שלב 3 קצר מאוד (16 תווים): ""מוסיפים כוס מים."""
hn5,hol,טאג׳ין עוף עם לימון כבוש וזעפרן,medium,short_step,steps[4],"שלב 4 קצר מאוד (15 תווים): ""מבשלים 35 דקות."""
hn6,hol,טאג׳ין בקר עם דלעת,medium,short_step,steps[3],"שלב 3 קצר מאוד (16 תווים): ""מוסיפים כוס מים."""
hn6,hol,טאג׳ין בקר עם דלעת,medium,short_step,steps[4],"שלב 4 קצר מאוד (15 תווים): ""מבשלים 60 דקות."""
hn7,hol,טאג׳ין כבש עם חומוס ומשמשים,medium,short_step,steps[3],"שלב 3 קצר מאוד (15 תווים): ""מבשלים 60 דקות."""
hn8,hol,טאג׳ין ירקות צמחוני,medium,short_step,steps[3],"שלב 3 קצר מאוד (16 תווים): ""מוסיפים כוס מים."""
fn1,fish,דג ברוטב חרמולה ירוקה,medium,short_step,steps[3],"שלב 3 קצר מאוד (16 תווים): ""מניחים דג ברוטב."""
mn5,meat,קציצות כבש ברוטב עגבניות,medium,short_step,steps[2],"שלב 2 קצר מאוד (14 תווים): ""יוצרים קציצות."""
mn8,meat,בשר עם פול ירוק מרוקאי,medium,short_step,steps[3],"שלב 3 קצר מאוד (15 תווים): ""מבשלים 50 דקות."""
dn2,des,קעב אל-ע׳זאל — קרני עזים,medium,vague_quantity,ingr[5],"כמות מעורפלת: ""לפי הצורך"" (עבור ""מים"")"
spn1,span,אדאפינה — חמין יהודי-ספרדי,medium,short_step,steps[3],"שלב 3 קצר מאוד (14 תווים): ""מביאים לרתיחה."""
sau2,span,לימון כבוש ביתי,medium,vague_quantity,ingr[3],"כמות מעורפלת: ""לפי הצורך"" (עבור ""מיץ לימון — לכיסוי"")"
sane1,salads,סלט חצילים עם חינה,medium,short_step,steps[2],"שלב 2 קצר מאוד (17 תווים): ""מועכים בידיים גס."""
sane2,salads,סלט פול לוביא,medium,short_step,steps[2],"שלב 2 קצר מאוד (15 תווים): ""מסננים ומצננים."""
sane4,salads,סלט גמבה,medium,short_step,steps[1],"שלב 1 קצר מאוד (19 תווים): ""מטגנים בצל עד שקוף."""
vne8,veg,גרגרי חיטה עם ירקות,medium,short_step,steps[3],"שלב 3 קצר מאוד (15 תווים): ""מבשלים 60 דקות."""
cne2,chick,עוף עם זיתים שחורים,medium,short_step,steps[3],"שלב 3 קצר מאוד (15 תווים): ""מבשלים 35 דקות."""
cne3,chick,עוף עם ג׳ינג׳ר ולימון,medium,short_step,steps[3],"שלב 3 קצר מאוד (15 תווים): ""מבשלים 35 דקות."""
mne1,meat,בשר עם תאנים,medium,short_step,steps[3],"שלב 3 קצר מאוד (16 תווים): ""מוסיפים כוס מים."""
mne1,meat,בשר עם תאנים,medium,short_step,steps[4],"שלב 4 קצר מאוד (15 תווים): ""מבשלים 55 דקות."""
mne2,meat,בשר עם אגסים וזעפרן,medium,short_step,steps[3],"שלב 3 קצר מאוד (15 תווים): ""מבשלים 60 דקות."""
mne3,meat,ראס אל-חנות עם שום שלם,medium,short_step,steps[3],"שלב 3 קצר מאוד (16 תווים): ""מוסיפים כוס מים."""
mne4,meat,מחמר בשר — בשר אדום מרוקאי,medium,short_step,steps[2],"שלב 2 קצר מאוד (17 תווים): ""מחממים תנור 200°."""
hne1,hol,טאג׳ין תרנגול הודי עם ירקות,medium,short_step,steps[3],"שלב 3 קצר מאוד (15 תווים): ""מבשלים 80 דקות."""
hne3,hol,מחנצ׳ה — ספירלת עוף,medium,short_step,steps[2],"שלב 2 קצר מאוד (14 תווים): ""מערבבים מילוי."""
dne2,des,עוגת שקדים תפוזים,medium,short_step,steps[3],"שלב 3 קצר מאוד (19 תווים): ""מוסיפים אבקת אפייה."""
dne4,des,ריבת תאנים ואגוזים,medium,short_step,steps[4],"שלב 4 קצר מאוד (16 תווים): ""מעבירים לצנצנות."""
spne2,span,פוחרו — שעועית פאבה ספרדית,medium,short_step,steps[1],"שלב 1 קצר מאוד (16 תווים): ""מטגנים בצל ושום."""
spne2,span,פוחרו — שעועית פאבה ספרדית,medium,short_step,steps[4],"שלב 4 קצר מאוד (15 תווים): ""מוסיפים כוסברה."""
spne3,span,גסטרו — קדירת בשר ספרדית,medium,short_step,steps[3],"שלב 3 קצר מאוד (19 תווים): ""מוסיפים מים נוספים."""
spne3,span,גסטרו — קדירת בשר ספרדית,medium,short_step,steps[4],"שלב 4 קצר מאוד (15 תווים): ""מבשלים 50 דקות."""
spne4,span,ח׳וביה — מרבה ירקות ספרדי,medium,short_step,steps[3],"שלב 3 קצר מאוד (15 תווים): ""מבשלים 60 דקות."""
var1,soups,חרירה עם ורמיצ׳לי,medium,short_step,steps[3],"שלב 3 קצר מאוד (15 תווים): ""מבשלים 45 דקות."""
var3,fish,דג חריף עם אורז,medium,short_step,steps[6],"שלב 6 קצר מאוד (14 תווים): ""מפזרים כוסברה."""
var4,chick,עוף עם כרוב ולימון כבוש,medium,short_step,steps[3],"שלב 3 קצר מאוד (15 תווים): ""מבשלים 35 דקות."""
var5,meat,קציצות בשר עם תרד,medium,short_step,steps[2],"שלב 2 קצר מאוד (14 תווים): ""יוצרים קציצות."""
var6,veg,שעועית ירוקה עם עגבניות ולימון,medium,short_step,steps[1],"שלב 1 קצר מאוד (11 תווים): ""מטגנים שום."""
rare1,meat,שינה — כבש מבושל עם תמרים,medium,short_step,steps[3],"שלב 3 קצר מאוד (15 תווים): ""מבשלים 65 דקות."""
rare3,soups,אמרגן — מרק שעורה מרוקאי,medium,short_step,steps[2],"שלב 2 קצר מאוד (12 תווים): ""מוסיפים מים."""
rare3,soups,אמרגן — מרק שעורה מרוקאי,medium,short_step,steps[3],"שלב 3 קצר מאוד (15 תווים): ""מבשלים 50 דקות."""
rare5,salads,זחלוק — סלט כרובית חריף,medium,short_step,steps[2],"שלב 2 קצר מאוד (15 תווים): ""מסננים ומצננים."""
rare7,hol,טאג׳ין חמאם — יונה מרוקאית,medium,short_step,steps[3],"שלב 3 קצר מאוד (16 תווים): ""מוסיפים כוס מים."""
rare7,hol,טאג׳ין חמאם — יונה מרוקאית,medium,short_step,steps[4],"שלב 4 קצר מאוד (15 תווים): ""מבשלים 55 דקות."""
rare11,soups,מרק מנה ירוקה,medium,short_step,steps[1],"שלב 1 קצר מאוד (16 תווים): ""מטגנים בצל ושום."""
rare11,soups,מרק מנה ירוקה,medium,short_step,steps[3],"שלב 3 קצר מאוד (12 תווים): ""מוסיפים מים."""
rare12,hol,ת׳ריד — לחם ברוטב,medium,short_step,steps[3],"שלב 3 קצר מאוד (15 תווים): ""מבשלים 45 דקות."""
se2,soups,מרק תרד ועדשים,medium,short_step,steps[1],"שלב 1 קצר מאוד (16 תווים): ""מטגנים בצל ושום."""
se2,soups,מרק תרד ועדשים,medium,short_step,steps[3],"שלב 3 קצר מאוד (15 תווים): ""מבשלים 20 דקות."""
se3,soups,מרק כרוב ותפוח אדמה,medium,short_step,steps[1],"שלב 1 קצר מאוד (16 תווים): ""מטגנים בצל ושום."""
se3,soups,מרק כרוב ותפוח אדמה,medium,short_step,steps[3],"שלב 3 קצר מאוד (12 תווים): ""מוסיפים מים."""
se3,soups,מרק כרוב ותפוח אדמה,medium,short_step,steps[4],"שלב 4 קצר מאוד (15 תווים): ""מבשלים 28 דקות."""
se5,soups,מרק טלה ועדשים,medium,short_step,steps[3],"שלב 3 קצר מאוד (15 תווים): ""מבשלים 55 דקות."""
se6,soups,מרק דלעת ואגוז,medium,short_step,steps[1],"שלב 1 קצר מאוד (16 תווים): ""מטגנים בצל ושום."""
se6,soups,מרק דלעת ואגוז,medium,short_step,steps[3],"שלב 3 קצר מאוד (12 תווים): ""מוסיפים מים."""
se7,soups,מרק עוף ופרגיות,medium,short_step,steps[1],"שלב 1 קצר מאוד (14 תווים): ""שמים הכל בסיר."""
se8,soups,מרק חומוס ותרד,medium,short_step,steps[1],"שלב 1 קצר מאוד (11 תווים): ""מטגנים שום."""
se8,soups,מרק חומוס ותרד,medium,short_step,steps[2],"שלב 2 קצר מאוד (16 תווים): ""מוסיפים עגבניות."""
se8,soups,מרק חומוס ותרד,medium,short_step,steps[3],"שלב 3 קצר מאוד (19 תווים): ""מוסיפים חומוס ומים."""
se9,soups,מרק בצל מרוקאי,medium,short_step,steps[2],"שלב 2 קצר מאוד (18 תווים): ""מוסיפים כמון ומרק."""
se10,soups,מרק עגבניות ואורז קר,medium,short_step,steps[4],"שלב 4 קצר מאוד (18 תווים): ""מקררים. מגישים קר."""
sle1,salads,סלט כרובית חריפה,medium,short_step,steps[1],"שלב 1 קצר מאוד (14 תווים): ""מבשלים כרובית."""
sle1,salads,סלט כרובית חריפה,medium,short_step,steps[2],"שלב 2 קצר מאוד (15 תווים): ""מסננים ומצננים."""
sle2,salads,סלט גזר ומיץ תפוז,medium,short_step,steps[1],"שלב 1 קצר מאוד (11 תווים): ""מגררים גזר."""
sle3,salads,סלט ברוקולי ושום קונפי,medium,short_step,steps[2],"שלב 2 קצר מאוד (15 תווים): ""מבשלים ברוקולי."""
ve1,veg,כרוב אדום מבושל,medium,short_step,steps[1],"שלב 1 קצר מאוד (19 תווים): ""מטגנים כרוב 5 דקות."""
ve3,veg,חציל עם עגבנייה וביצה,medium,short_step,steps[3],"שלב 3 קצר מאוד (14 תווים): ""מבשלים 7 דקות."""
fe1,fish,דג ים בתנור עם לימון,medium,short_step,steps[3],"שלב 3 קצר מאוד (14 תווים): ""אופים 25 דקות."""
fe2,fish,טונה עם עגבניות מרוקאי,medium,short_step,steps[2],"שלב 2 קצר מאוד (19 תווים): ""מניחים סטייקי טונה."""
me1,meat,בשר עם תפוחי אדמה ופלפלים,medium,short_step,steps[3],"שלב 3 קצר מאוד (15 תווים): ""מבשלים 40 דקות."""
me2,meat,כבש עם פלפלים מרוקאי,medium,short_step,steps[3],"שלב 3 קצר מאוד (15 תווים): ""מבשלים 55 דקות."""
me4,meat,בשר עם שעועית לבנה,medium,short_step,steps[3],"שלב 3 קצר מאוד (15 תווים): ""מבשלים 55 דקות."""
me5,meat,בשר ממולא בבצק,medium,short_step,steps[2],"שלב 2 קצר מאוד (13 תווים): ""מכינים מילוי."""
ce1,chick,עוף עם בטטה ודבש,medium,short_step,steps[1],"שלב 1 קצר מאוד (11 תווים): ""צורבים עוף."""
ce1,chick,עוף עם בטטה ודבש,medium,short_step,steps[3],"שלב 3 קצר מאוד (15 תווים): ""מבשלים 35 דקות."""
ce2,chick,עוף עם פיסטוק,medium,short_step,steps[3],"שלב 3 קצר מאוד (15 תווים): ""מבשלים 45 דקות."""
ce3,chick,עוף עם תרד ועגבניות,medium,short_step,steps[1],"שלב 1 קצר מאוד (11 תווים): ""צורבים עוף."""
ce3,chick,עוף עם תרד ועגבניות,medium,short_step,steps[3],"שלב 3 קצר מאוד (15 תווים): ""מבשלים 38 דקות."""
ce4,chick,עוף עם ליצ׳י ותבלינים,medium,short_step,steps[1],"שלב 1 קצר מאוד (18 תווים): ""צורבים עוף עם בצל."""
ce4,chick,עוף עם ליצ׳י ותבלינים,medium,short_step,steps[3],"שלב 3 קצר מאוד (15 תווים): ""מבשלים 40 דקות."""
hle5,hol,עוגיות גבינה לשבועות,medium,short_step,steps[3],"שלב 3 קצר מאוד (14 תווים): ""אופים 20 דקות."""
dle1,des,עוגת שוקולד ושקדים,medium,short_step,steps[4],"שלב 4 קצר מאוד (14 תווים): ""אופים 35 דקות."""
dle3,des,עוגיות אניס ושומשום,medium,short_step,steps[1],"שלב 1 קצר מאוד (17 תווים): ""מחממים תנור 170°."""
dle3,des,עוגיות אניס ושומשום,medium,short_step,steps[3],"שלב 3 קצר מאוד (14 תווים): ""אופים 18 דקות."""
dle4,des,ריבת שזיפים,medium,short_step,steps[3],"שלב 3 קצר מאוד (16 תווים): ""מעבירים לצנצנות."""
dle5,des,ריבת קאקי,medium,short_step,steps[1],"שלב 1 קצר מאוד (14 תווים): ""שמים הכל בסיר."""
spe3,span,קלדו — ציר עוף ספרדי,medium,short_step,steps[4],"שלב 4 קצר מאוד (15 תווים): ""מסננים. שומרים."""
rer1,soups,טפינה — מרק שעורה ועדשים,medium,short_step,steps[1],"שלב 1 קצר מאוד (11 תווים): ""מטגנים בצל."""
rer1,soups,טפינה — מרק שעורה ועדשים,medium,short_step,steps[3],"שלב 3 קצר מאוד (12 תווים): ""מוסיפים מים."""
rer1,soups,טפינה — מרק שעורה ועדשים,medium,short_step,steps[4],"שלב 4 קצר מאוד (15 תווים): ""מבשלים 70 דקות."""
rer2,salads,שאקשוקה מרוקאית,medium,short_step,steps[1],"שלב 1 קצר מאוד (19 תווים): ""מטגנים שום ופלפלים."""
rer4,meat,שיפוד כבש מרוקאי,medium,short_step,steps[2],"שלב 2 קצר מאוד (17 תווים): ""מגלגלים על שיפוד."""
rer5,chick,עוף ים טעים,medium,short_step,steps[1],"שלב 1 קצר מאוד (11 תווים): ""צורבים עוף."""
rer6,hol,ח׳ובז — לחם תנור בגחלים,medium,short_step,steps[2],"שלב 2 קצר מאוד (14 תווים): ""תפיחה 40 דקות."""
sf1,soups,מרק לוף ומנגולד,medium,short_step,steps[1],"שלב 1 קצר מאוד (16 תווים): ""מטגנים בצל ושום."""
sf1,soups,מרק לוף ומנגולד,medium,short_step,steps[3],"שלב 3 קצר מאוד (18 תווים): ""מוסיפים מים וכמון."""
sf3,soups,מרק בצל ועגבנייה,medium,short_step,steps[1],"שלב 1 קצר מאוד (19 תווים): ""מטגנים בצל עד זהוב."""
sf3,soups,מרק בצל ועגבנייה,medium,short_step,steps[3],"שלב 3 קצר מאוד (12 תווים): ""מוסיפים מים."""
sf3,soups,מרק בצל ועגבנייה,medium,short_step,steps[4],"שלב 4 קצר מאוד (15 תווים): ""מבשלים 15 דקות."""
sf5,soups,מרק חמוצים מרוקאי,medium,short_step,steps[2],"שלב 2 קצר מאוד (18 תווים): ""מוסיפים שום וכמון."""
sf5,soups,מרק חמוצים מרוקאי,medium,short_step,steps[3],"שלב 3 קצר מאוד (15 תווים): ""מבשלים 10 דקות."""
sf6,soups,מרק פסטה מרוקאי,medium,short_step,steps[2],"שלב 2 קצר מאוד (14 תווים): ""מביאים לרתיחה."""
sf6,soups,מרק פסטה מרוקאי,medium,short_step,steps[3],"שלב 3 קצר מאוד (15 תווים): ""מבשלים 35 דקות."""
sf7,soups,מרק ים עם סרטנים,medium,short_step,steps[2],"שלב 2 קצר מאוד (12 תווים): ""מוסיפים מים."""
sf8,soups,מרק ירק שורש מרוקאי,medium,short_step,steps[1],"שלב 1 קצר מאוד (16 תווים): ""מטגנים בצל ושום."""
sf8,soups,מרק ירק שורש מרוקאי,medium,short_step,steps[3],"שלב 3 קצר מאוד (12 תווים): ""מוסיפים מים."""
sf8,soups,מרק ירק שורש מרוקאי,medium,short_step,steps[4],"שלב 4 קצר מאוד (15 תווים): ""מבשלים 40 דקות."""
sf9,soups,מרק חלב ושקדים,medium,short_step,steps[4],"שלב 4 קצר מאוד (18 תווים): ""מקררים. מגישים קר."""
sf10,soups,מרק קוסקוסית,medium,short_step,steps[1],"שלב 1 קצר מאוד (11 תווים): ""מחממים ציר."""
sf10,soups,מרק קוסקוסית,medium,short_step,steps[2],"שלב 2 קצר מאוד (19 תווים): ""מוסיפים עשבים ושמן."""
sf10,soups,מרק קוסקוסית,medium,short_step,steps[3],"שלב 3 קצר מאוד (16 תווים): ""מגישים עם לחמון."""
slf1,salads,סלט קוסקוס קר,medium,short_step,steps[2],"שלב 2 קצר מאוד (7 תווים): ""מצננים."""
slf5,salads,סלט חומוס עם טחינה,medium,short_step,steps[2],"שלב 2 קצר מאוד (16 תווים): ""מזליפים שמן זית."""
vef1,veg,רטטוי מרוקאי,medium,short_step,steps[1],"שלב 1 קצר מאוד (16 תווים): ""מטגנים בצל ושום."""
vef1,veg,רטטוי מרוקאי,medium,short_step,steps[3],"שלב 3 קצר מאוד (19 תווים): ""מוסיפים שאר הירקות."""
vef2,veg,כרוב עם שמן זית ולימון,medium,short_step,steps[4],"שלב 4 קצר מאוד (14 תווים): ""מוסיפים לימון."""
vef3,veg,פול עם עגבניות,medium,short_step,steps[1],"שלב 1 קצר מאוד (11 תווים): ""מטגנים שום."""
vef3,veg,פול עם עגבניות,medium,short_step,steps[3],"שלב 3 קצר מאוד (17 תווים): ""מוסיפים פול ומים."""
vef4,veg,שעועית לבנה עם שמן וצלפים,medium,few_steps,steps,רק 1 שלבים (מומלץ לפחות 2)
vef6,veg,גבינה לבנה עם שמן ועשבים,medium,short_step,steps[1],"שלב 1 קצר מאוד (19 תווים): ""מניחים גבינה בצלחת."""
vef8,veg,גזר עם שמן אגוז,medium,short_step,steps[1],"שלב 1 קצר מאוד (19 תווים): ""מבשלים גזר. מסננים."""
fif1,fish,דג עם עגבניות קלויות,medium,short_step,steps[3],"שלב 3 קצר מאוד (19 תווים): ""מניחים דג על הרוטב."""
fif1,fish,דג עם עגבניות קלויות,medium,short_step,steps[4],"שלב 4 קצר מאוד (14 תווים): ""אופים 15 דקות."""
mef1,meat,כבש עם חרוב,medium,short_step,steps[3],"שלב 3 קצר מאוד (15 תווים): ""מבשלים 60 דקות."""
mef2,meat,כבש עם צנוברים,medium,short_step,steps[3],"שלב 3 קצר מאוד (15 תווים): ""מבשלים 60 דקות."""
mef5,meat,בשר עם כרישה,medium,short_step,steps[4],"שלב 4 קצר מאוד (15 תווים): ""מבשלים 50 דקות."""
chf1,chick,עוף עם עגבניות מיובשות,medium,short_step,steps[1],"שלב 1 קצר מאוד (11 תווים): ""צורבים עוף."""
chf1,chick,עוף עם עגבניות מיובשות,medium,short_step,steps[3],"שלב 3 קצר מאוד (16 תווים): ""מוסיפים כוס מים."""
chf2,chick,עוף עם ריבת תפוזים,medium,short_step,steps[1],"שלב 1 קצר מאוד (11 תווים): ""צורבים עוף."""
chf2,chick,עוף עם ריבת תפוזים,medium,short_step,steps[3],"שלב 3 קצר מאוד (15 תווים): ""מבשלים 40 דקות."""
chf3,chick,עוף עם תפוח ועלי דפנה,medium,short_step,steps[1],"שלב 1 קצר מאוד (11 תווים): ""צורבים עוף."""
chf3,chick,עוף עם תפוח ועלי דפנה,medium,short_step,steps[3],"שלב 3 קצר מאוד (15 תווים): ""מבשלים 35 דקות."""
chf5,chick,עוף עם חמוציות,medium,short_step,steps[1],"שלב 1 קצר מאוד (11 תווים): ""צורבים עוף."""
chf5,chick,עוף עם חמוציות,medium,short_step,steps[3],"שלב 3 קצר מאוד (15 תווים): ""מבשלים 40 דקות."""
holf1,hol,תבשיל דבש וגזר לראש השנה,medium,short_step,steps[1],"שלב 1 קצר מאוד (19 תווים): ""מבשלים גזר. מסננים."""
holf2,hol,סמבוסק גבינה לחינה,medium,short_step,steps[3],"שלב 3 קצר מאוד (15 תווים): ""מטגנים עד זהוב."""
holf4,hol,פסח מרוקאי — שולחן,medium,short_step,steps[1],"שלב 1 קצר מאוד (13 תווים): ""מכינים חרוסת."""
holf4,hol,פסח מרוקאי — שולחן,medium,short_step,steps[2],"שלב 2 קצר מאוד (18 תווים): ""מבשלים ביצים קשות."""
holf5,hol,שולחן מימונה שלם,medium,short_step,steps[1],"שלב 1 קצר מאוד (15 תווים): ""מכינים מופלטות."""
holf5,hol,שולחן מימונה שלם,medium,short_step,steps[2],"שלב 2 קצר מאוד (13 תווים): ""מסדרים שולחן."""
def1,des,ריבת אפרסק,medium,short_step,steps[1],"שלב 1 קצר מאוד (14 תווים): ""שמים הכל בסיר."""
def1,des,ריבת אפרסק,medium,short_step,steps[2],"שלב 2 קצר מאוד (15 תווים): ""מבשלים 50 דקות."""
def3,des,כרוב בסוכר — Sfuf,medium,short_step,steps[1],"שלב 1 קצר מאוד (17 תווים): ""מחממים תנור 170°."""
def3,des,כרוב בסוכר — Sfuf,medium,short_step,steps[2],"שלב 2 קצר מאוד (19 תווים): ""מערבבים הכל לבלילה."""
def4,des,עוגת מי ורדים,medium,short_step,steps[1],"שלב 1 קצר מאוד (17 תווים): ""מחממים תנור 170°."""
def4,des,עוגת מי ורדים,medium,short_step,steps[4],"שלב 4 קצר מאוד (14 תווים): ""אופים 35 דקות."""
def5,des,לחם מתוק לשבת,medium,short_step,steps[2],"שלב 2 קצר מאוד (14 תווים): ""תפיחה 45 דקות."""
spf2,span,פוטאז׳ — מרק עם ירקות ספרדי,medium,short_step,steps[2],"שלב 2 קצר מאוד (15 תווים): ""מבשלים 60 דקות."""
spf3,span,טורוביאה — שכבות בצק ובשר,medium,short_step,steps[2],"שלב 2 קצר מאוד (13 תווים): ""מכינים מילוי."""
spf4,span,ח׳וביאס — שעועית עם עשב,medium,short_step,steps[1],"שלב 1 קצר מאוד (14 תווים): ""מבשלים שעועית."""
spf5,span,קרֶפּ ספרדי-מרוקאי,medium,short_step,steps[2],"שלב 2 קצר מאוד (14 תווים): ""מנוחה 15 דקות."""
add1,soups,מרק שומשום מרוקאי,medium,short_step,steps[3],"שלב 3 קצר מאוד (18 תווים): ""מוסיפים כמון ומים."""
add2,soups,מרק פרא — ירוק הר האטלס,medium,short_step,steps[2],"שלב 2 קצר מאוד (19 תווים): ""מוסיפים ירקות ומים."""
add3,soups,מרק שעועית לבנה ועגבנייה,medium,short_step,steps[1],"שלב 1 קצר מאוד (11 תווים): ""מטגנים שום."""
add3,soups,מרק שעועית לבנה ועגבנייה,medium,short_step,steps[4],"שלב 4 קצר מאוד (15 תווים): ""מבשלים 20 דקות."""
add4,soups,מרק צלי עם שומר,medium,short_step,steps[3],"שלב 3 קצר מאוד (12 תווים): ""מוסיפים מים."""
add4,soups,מרק צלי עם שומר,medium,short_step,steps[4],"שלב 4 קצר מאוד (15 תווים): ""מבשלים 50 דקות."""
add7,veg,פלפלים ממולאים בגבינה,medium,short_step,steps[2],"שלב 2 קצר מאוד (14 תווים): ""ממלאים פלפלים."""
add9,fish,בקלה עם תפוחי אדמה,medium,short_step,steps[1],"שלב 1 קצר מאוד (11 תווים): ""שורים בקלה."""
add10,fish,דג מרינרה,medium,short_step,steps[1],"שלב 1 קצר מאוד (11 תווים): ""מטגנים שום."""
add10,fish,דג מרינרה,medium,short_step,steps[3],"שלב 3 קצר מאוד (10 תווים): ""מניחים דג."""
add11,meat,קציצות עם פול,medium,short_step,steps[1],"שלב 1 קצר מאוד (14 תווים): ""מכינים קציצות."""
add12,meat,כבש עם שעועית לבנה,medium,short_step,steps[3],"שלב 3 קצר מאוד (15 תווים): ""מבשלים 60 דקות."""
add13,chick,עוף עם קציצות,medium,short_step,steps[2],"שלב 2 קצר מאוד (11 תווים): ""צורבים עוף."""
add15,hol,עוף עם שבעה ירקות,medium,short_step,steps[1],"שלב 1 קצר מאוד (11 תווים): ""צורבים עוף."""
add15,hol,עוף עם שבעה ירקות,medium,short_step,steps[3],"שלב 3 קצר מאוד (15 תווים): ""מבשלים 50 דקות."""
add16,hol,טאג׳ין עוף ולימון כבוש,medium,short_step,steps[1],"שלב 1 קצר מאוד (11 תווים): ""צורבים עוף."""
add16,hol,טאג׳ין עוף ולימון כבוש,medium,short_step,steps[3],"שלב 3 קצר מאוד (15 תווים): ""מבשלים 40 דקות."""
add17,des,ריבת שזיפים ואגוז,medium,short_step,steps[2],"שלב 2 קצר מאוד (15 תווים): ""מבשלים 40 דקות."""
add18,des,ח׳ריבה בחמאה,medium,short_step,steps[1],"שלב 1 קצר מאוד (17 תווים): ""מחממים תנור 160°."""
add18,des,ח׳ריבה בחמאה,medium,short_step,steps[2],"שלב 2 קצר מאוד (17 תווים): ""מערבבים הכל לבצק."""
add18,des,ח׳ריבה בחמאה,medium,short_step,steps[3],"שלב 3 קצר מאוד (14 תווים): ""יוצרים כדורים."""
add18,des,ח׳ריבה בחמאה,medium,short_step,steps[4],"שלב 4 קצר מאוד (14 תווים): ""אופים 18 דקות."""
add19,des,עוגיות מקרון שקדים,medium,short_step,steps[1],"שלב 1 קצר מאוד (17 תווים): ""מחממים תנור 160°."""
add19,des,עוגיות מקרון שקדים,medium,short_step,steps[4],"שלב 4 קצר מאוד (14 תווים): ""אופים 15 דקות."""
add22,salads,סלט תפוז וזיתים,medium,short_step,steps[1],"שלב 1 קצר מאוד (18 תווים): ""מסדרים תפוז בצלחת."""
add23,veg,תרד עם אגוזי מלך,medium,short_step,steps[3],"שלב 3 קצר מאוד (14 תווים): ""מוסיפים לימון."""
add24,fish,דג עם ירק ים,medium,short_step,steps[1],"שלב 1 קצר מאוד (18 תווים): ""מפוגגים אצות במים."""
add25,meat,כבש עם תפוח וצימוקים,medium,short_step,steps[1],"שלב 1 קצר מאוד (11 תווים): ""מטגנים כבש."""
add25,meat,כבש עם תפוח וצימוקים,medium,short_step,steps[3],"שלב 3 קצר מאוד (15 תווים): ""מבשלים 55 דקות."""
add26,chick,עוף עם אפרסקים,medium,short_step,steps[1],"שלב 1 קצר מאוד (11 תווים): ""צורבים עוף."""
add26,chick,עוף עם אפרסקים,medium,short_step,steps[3],"שלב 3 קצר מאוד (15 תווים): ""מבשלים 40 דקות."""
add28,des,עוגת יין מרוקאית,medium,short_step,steps[1],"שלב 1 קצר מאוד (17 תווים): ""מחממים תנור 170°."""
add28,des,עוגת יין מרוקאית,medium,short_step,steps[4],"שלב 4 קצר מאוד (14 תווים): ""אופים 38 דקות."""
add30,soups,מרק חומוס ועגבנייה,medium,short_step,steps[1],"שלב 1 קצר מאוד (11 תווים): ""מטגנים שום."""
add30,soups,מרק חומוס ועגבנייה,medium,short_step,steps[3],"שלב 3 קצר מאוד (19 תווים): ""מוסיפים חומוס ומים."""
add30,soups,מרק חומוס ועגבנייה,medium,short_step,steps[4],"שלב 4 קצר מאוד (15 תווים): ""מבשלים 18 דקות."""
add31,salads,סלט ברנג׳ל — חציל ועגבנייה,medium,short_step,steps[1],"שלב 1 קצר מאוד (14 תווים): ""מטגנים חצילים."""
add31,salads,סלט ברנג׳ל — חציל ועגבנייה,medium,short_step,steps[3],"שלב 3 קצר מאוד (15 תווים): ""מבשלים 15 דקות."""
add32,veg,כרובית עם זיתים וצלפים,medium,short_step,steps[1],"שלב 1 קצר מאוד (14 תווים): ""מבשלים כרובית."""
add33,fish,מקרל ממרוח בחרמולה,medium,short_step,steps[2],"שלב 2 קצר מאוד (14 תווים): ""משרים 30 דקות."""
add35,chick,עוף עם ענבים,medium,short_step,steps[1],"שלב 1 קצר מאוד (11 תווים): ""צורבים עוף."""
add35,chick,עוף עם ענבים,medium,short_step,steps[3],"שלב 3 קצר מאוד (15 תווים): ""מבשלים 40 דקות."""
add35,chick,עוף עם ענבים,medium,short_step,steps[4],"שלב 4 קצר מאוד (19 תווים): ""מוסיפים ענבים ודבש."""
add36,hol,ברנייה — מוס שוקולד מרוקאי,medium,short_step,steps[4],"שלב 4 קצר מאוד (14 תווים): ""מקררים 2 שעות."""
add37,des,עוגת שמן זית,medium,short_step,steps[1],"שלב 1 קצר מאוד (17 תווים): ""מחממים תנור 170°."""
add37,des,עוגת שמן זית,medium,short_step,steps[4],"שלב 4 קצר מאוד (14 תווים): ""אופים 38 דקות."""
add39,soups,מרק זנגביל — ג׳ינג׳ר ולימון,medium,short_step,steps[1],"שלב 1 קצר מאוד (14 תווים): ""שמים הכל בסיר."""
add39,soups,מרק זנגביל — ג׳ינג׳ר ולימון,medium,short_step,steps[2],"שלב 2 קצר מאוד (14 תווים): ""מביאים לרתיחה."""
add41,veg,שעועית אדומה עם אורז,medium,short_step,steps[1],"שלב 1 קצר מאוד (16 תווים): ""מטגנים בצל ושום."""
add43,meat,כבש עם גרגרי חרדל,medium,short_step,steps[3],"שלב 3 קצר מאוד (12 תווים): ""מוסיפים מים."""
add43,meat,כבש עם גרגרי חרדל,medium,short_step,steps[4],"שלב 4 קצר מאוד (15 תווים): ""מבשלים 60 דקות."""
add45,hol,מלאווי — לחם שבת שמוט,medium,short_step,steps[1],"שלב 1 קצר מאוד (17 תווים): ""לשים בצק 10 דקות."""
add45,hol,מלאווי — לחם שבת שמוט,medium,short_step,steps[2],"שלב 2 קצר מאוד (14 תווים): ""תפיחה 45 דקות."""
add46,des,עוגיות לב שקדים,medium,short_step,steps[1],"שלב 1 קצר מאוד (17 תווים): ""מחממים תנור 165°."""
add46,des,עוגיות לב שקדים,medium,short_step,steps[2],"שלב 2 קצר מאוד (17 תווים): ""מערבבים הכל לבצק."""
add47,span,טרמסוס — לופינוס,medium,short_step,steps[3],"שלב 3 קצר מאוד (13 תווים): ""שומרים במקרר."""
add48,soups,מרק בטטה ואגוז קוקוס,medium,short_step,steps[2],"שלב 2 קצר מאוד (19 תווים): ""מוסיפים קוקוס ומים."""
add49,salads,סלט עדשים עם פיסטוק,medium,short_step,steps[2],"שלב 2 קצר מאוד (15 תווים): ""מסננים ומצננים."""
add52,meat,בשר עם ירקות ים-תיכוניים,medium,short_step,steps[1],"שלב 1 קצר מאוד (11 תווים): ""מטגנים בשר."""
add52,meat,בשר עם ירקות ים-תיכוניים,medium,short_step,steps[3],"שלב 3 קצר מאוד (12 תווים): ""מוסיפים מים."""
add52,meat,בשר עם ירקות ים-תיכוניים,medium,short_step,steps[4],"שלב 4 קצר מאוד (15 תווים): ""מבשלים 50 דקות."""
add53,chick,עוף עם ענבי יין,medium,short_step,steps[1],"שלב 1 קצר מאוד (11 תווים): ""צורבים עוף."""
add53,chick,עוף עם ענבי יין,medium,short_step,steps[3],"שלב 3 קצר מאוד (15 תווים): ""מבשלים 40 דקות."""
add54,hol,פיתה מרוקאית,medium,short_step,steps[1],"שלב 1 קצר מאוד (16 תווים): ""לשים בצק 8 דקות."""
add54,hol,פיתה מרוקאית,medium,short_step,steps[2],"שלב 2 קצר מאוד (14 תווים): ""תפיחה 30 דקות."""
add55,des,חלה שחורה — ריבת ענבים שחורים,medium,short_step,steps[1],"שלב 1 קצר מאוד (14 תווים): ""שמים הכל בסיר."""
add55,des,חלה שחורה — ריבת ענבים שחורים,medium,short_step,steps[2],"שלב 2 קצר מאוד (15 תווים): ""מבשלים 55 דקות."""
add55,des,חלה שחורה — ריבת ענבים שחורים,medium,short_step,steps[3],"שלב 3 קצר מאוד (16 תווים): ""מעבירים לצנצנות."""
ex3,soups,מרק ארוז — ספרדי-מרוקאי,medium,short_step,steps[1],"שלב 1 קצר מאוד (16 תווים): ""מטגנים בצל ושום."""
ex3,soups,מרק ארוז — ספרדי-מרוקאי,medium,short_step,steps[4],"שלב 4 קצר מאוד (15 תווים): ""מבשלים 25 דקות."""
ex4,soups,מרק עדשים עם חרמולה,medium,short_step,steps[1],"שלב 1 קצר מאוד (16 תווים): ""מטגנים בצל ושום."""
ex22,meat,תבשיל בשר עם חציל,medium,short_step,steps[4],"שלב 4 קצר מאוד (15 תווים): ""מבשלים 40 דקות."""
ex23,meat,בשר כבש עם ורדים,medium,short_step,steps[3],"שלב 3 קצר מאוד (15 תווים): ""מבשלים 65 דקות."""
ex26,chick,עוף ממולא לחינה — דארג,medium,short_step,steps[3],"שלב 3 קצר מאוד (13 תווים): ""מורחים ציפוי."""
ex27,chick,עוף ממשמש,medium,short_step,steps[3],"שלב 3 קצר מאוד (15 תווים): ""מבשלים 40 דקות."""
ex27,chick,עוף ממשמש,medium,short_step,steps[5],"שלב 5 קצר מאוד (13 תווים): ""מפזרים שקדים."""
ex29,chick,דיגה — עוף ברוטב שחור,medium,short_step,steps[3],"שלב 3 קצר מאוד (15 תווים): ""מבשלים 40 דקות."""
ex31,hol,טאג׳ין כרוב ובשר,medium,short_step,steps[3],"שלב 3 קצר מאוד (15 תווים): ""מבשלים 55 דקות."""
ex32,hol,טאג׳ין עגל עם ירקות,medium,short_step,steps[3],"שלב 3 קצר מאוד (15 תווים): ""מבשלים 55 דקות."""
ex36,des,מסמן עם דבש,medium,short_step,steps[2],"שלב 2 קצר מאוד (14 תווים): ""מנוחה 15 דקות."""
ex38,des,שלדה — מסה שקדים,medium,short_step,steps[3],"שלב 3 קצר מאוד (17 תווים): ""מקררים שעה לפחות."""
ex40,des,בוזה — פודינג חיטה,medium,short_step,steps[1],"שלב 1 קצר מאוד (19 תווים): ""מחממים חלב עם סוכר."""
ex44,span,פשטיל ירקות,medium,short_step,steps[1],"שלב 1 קצר מאוד (17 תווים): ""מחממים תנור 180°."""
ex45,span,תורוניה — נוגט ספרדי,medium,short_step,steps[4],"שלב 4 קצר מאוד (14 תווים): ""מוסיפים שקדים."""
ex48,veg,ח׳ובז — לחם ומרוח,medium,short_step,steps[2],"שלב 2 קצר מאוד (19 תווים): ""מגישים עם לחמון חם."""
ex50,des,ח׳מירו — עוגיות שמן,medium,short_step,steps[3],"שלב 3 קצר מאוד (14 תווים): ""אופים 18 דקות."""
fin1,soups,מרק כרישה וגבינה,medium,short_step,steps[2],"שלב 2 קצר מאוד (17 תווים): ""מוסיפים שום ומים."""
fin2,soups,מרק תירס מרוקאי,medium,short_step,steps[1],"שלב 1 קצר מאוד (16 תווים): ""מטגנים בצל ושום."""
fin2,soups,מרק תירס מרוקאי,medium,short_step,steps[3],"שלב 3 קצר מאוד (12 תווים): ""מוסיפים מים."""
fin3,salads,סלט חסה ועגבנייה,medium,short_step,steps[1],"שלב 1 קצר מאוד (19 תווים): ""קוצצים וחותכים הכל."""
fin4,salads,סלט מלפפון ולבן,medium,short_step,steps[1],"שלב 1 קצר מאוד (12 תווים): ""מערבבים הכל."""
fin7,fish,דג עם ורדים ירוקים,medium,short_step,steps[2],"שלב 2 קצר מאוד (17 תווים): ""משרים דג 30 דקות."""
fin8,fish,דג מרוקאי עם כרכום,medium,short_step,steps[4],"שלב 4 קצר מאוד (15 תווים): ""מוסיפים כוסברה."""
fin11,chick,עוף עם שקדים ולמון,medium,short_step,steps[3],"שלב 3 קצר מאוד (15 תווים): ""מבשלים 40 דקות."""
fin12,chick,עוף עם מחמצות,medium,short_step,steps[1],"שלב 1 קצר מאוד (11 תווים): ""צורבים עוף."""
fin12,chick,עוף עם מחמצות,medium,short_step,steps[3],"שלב 3 קצר מאוד (15 תווים): ""מבשלים 35 דקות."""
fin16,des,עוגיות אפרסמון,medium,short_step,steps[1],"שלב 1 קצר מאוד (17 תווים): ""מחממים תנור 170°."""
fin18,span,פוצ׳רוס — קדרה ספרדית,medium,short_step,steps[3],"שלב 3 קצר מאוד (15 תווים): ""מבשלים 60 דקות."""
fin21,soups,מרק גריסים וירקות,medium,short_step,steps[1],"שלב 1 קצר מאוד (11 תווים): ""מטגנים בצל."""
fin21,soups,מרק גריסים וירקות,medium,short_step,steps[3],"שלב 3 קצר מאוד (12 תווים): ""מוסיפים מים."""
fin21,soups,מרק גריסים וירקות,medium,short_step,steps[4],"שלב 4 קצר מאוד (15 תווים): ""מבשלים 45 דקות."""
fin25,meat,כבש עם שעורה,medium,short_step,steps[3],"שלב 3 קצר מאוד (15 תווים): ""מבשלים 80 דקות."""
fin26,chick,עוף עם שומר ולמון,medium,short_step,steps[1],"שלב 1 קצר מאוד (11 תווים): ""צורבים עוף."""
fin26,chick,עוף עם שומר ולמון,medium,short_step,steps[3],"שלב 3 קצר מאוד (16 תווים): ""מוסיפים כוס מים."""
fin26,chick,עוף עם שומר ולמון,medium,short_step,steps[4],"שלב 4 קצר מאוד (15 תווים): ""מבשלים 38 דקות."""
fin28,des,שהד — דבש קנוח,medium,short_step,steps[2],"שלב 2 קצר מאוד (19 תווים): ""מגישים עם לחמון חם."""
fin29,soups,מרק חבושים,medium,short_step,steps[3],"שלב 3 קצר מאוד (15 תווים): ""מבשלים 50 דקות."""
fin30,salads,סלט שרוד — ירקות כבושים,medium,short_step,steps[3],"שלב 3 קצר מאוד (15 תווים): ""מקררים 48 שעות."""
sv1,soups,מרק שחלים,medium,short_step,steps[2],"שלב 2 קצר מאוד (19 תווים): ""מוסיפים שחלים ומים."""
sv1,soups,מרק שחלים,medium,short_step,steps[3],"שלב 3 קצר מאוד (15 תווים): ""מבשלים 12 דקות."""
sv2,soups,מרק חמין ירקות,medium,short_step,steps[1],"שלב 1 קצר מאוד (11 תווים): ""מטגנים בצל."""
sv2,soups,מרק חמין ירקות,medium,short_step,steps[3],"שלב 3 קצר מאוד (12 תווים): ""מוסיפים מים."""
sv2,soups,מרק חמין ירקות,medium,short_step,steps[4],"שלב 4 קצר מאוד (15 תווים): ""מבשלים 55 דקות."""
sv4,soups,מרק כוסברה,medium,short_step,steps[3],"שלב 3 קצר מאוד (15 תווים): ""מבשלים 12 דקות."""
sv5,soups,מרק שמן ארגן ושעורה,medium,short_step,steps[3],"שלב 3 קצר מאוד (15 תווים): ""מבשלים 65 דקות."""
sv6,soups,מרק סולת ודבש,medium,short_step,steps[2],"שלב 2 קצר מאוד (15 תווים): ""מחממים מרק עוף."""
sv7,soups,מרק פסטה ועגל,medium,short_step,steps[3],"שלב 3 קצר מאוד (15 תווים): ""מבשלים 35 דקות."""
sv8,soups,מרק ערמונים,medium,short_step,steps[1],"שלב 1 קצר מאוד (16 תווים): ""מטגנים בצל ושום."""
sv8,soups,מרק ערמונים,medium,short_step,steps[3],"שלב 3 קצר מאוד (15 תווים): ""מבשלים 30 דקות."""
sv8,soups,מרק ערמונים,medium,short_step,steps[4],"שלב 4 קצר מאוד (14 תווים): ""טוחנים לחלקות."""
sv9,soups,מרק כרישה ועוף,medium,short_step,steps[1],"שלב 1 קצר מאוד (18 תווים): ""מטגנים כרישה ושום."""
sv9,soups,מרק כרישה ועוף,medium,short_step,steps[2],"שלב 2 קצר מאוד (17 תווים): ""מוסיפים עוף וגזר."""
sv9,soups,מרק כרישה ועוף,medium,short_step,steps[3],"שלב 3 קצר מאוד (12 תווים): ""מוסיפים מים."""
sv10,soups,חסוא — מרק לחם,medium,short_step,steps[3],"שלב 3 קצר מאוד (15 תווים): ""מבשלים 35 דקות."""
slv1,salads,סלט ביצה ועגבנייה,medium,short_step,steps[3],"שלב 3 קצר מאוד (18 תווים): ""מזליפים שמן וחומץ."""
slv2,salads,סלט טחינה ועגבנייה,medium,short_step,steps[1],"שלב 1 קצר מאוד (18 תווים): ""קוצצים עגבניות דק."""
slv4,salads,סלט אבוקדו מרוקאי,medium,short_step,steps[1],"שלב 1 קצר מאוד (17 תווים): ""מועכים אבוקדו גס."""
slv5,salads,סלט שומשום ועגבנייה,medium,short_step,steps[1],"שלב 1 קצר מאוד (15 תווים): ""קוצצים עגבניות."""
slv6,salads,סלט ורדים ופירות,medium,short_step,steps[1],"שלב 1 קצר מאוד (19 תווים): ""מסדרים פירות בצלחת."""
slv6,salads,סלט ורדים ופירות,medium,short_step,steps[2],"שלב 2 קצר מאוד (15 תווים): ""מפזרים עלי ורד."""
slv8,salads,סלט ירקות שורש חמים,medium,short_step,steps[2],"שלב 2 קצר מאוד (14 תווים): ""אופים 30 דקות."""
slv10,salads,סלט כרפס ותפוח,medium,short_step,steps[1],"שלב 1 קצר מאוד (18 תווים): ""חותכים כרפס ותפוח."""
vv4,veg,ירקות ממולאים מרוקאיים,medium,short_step,steps[1],"שלב 1 קצר מאוד (13 תווים): ""מכינים מילוי."""
vv4,veg,ירקות ממולאים מרוקאיים,medium,short_step,steps[3],"שלב 3 קצר מאוד (14 תווים): ""מסדרים בתבנית."""
fv4,fish,דג עם כרוב,medium,short_step,steps[3],"שלב 3 קצר מאוד (19 תווים): ""מניחים דג על הכרוב."""
mv1,meat,עצמות עוף בציר,medium,short_step,steps[1],"שלב 1 קצר מאוד (14 תווים): ""שמים הכל בסיר."""
mv1,meat,עצמות עוף בציר,medium,short_step,steps[4],"שלב 4 קצר מאוד (15 תווים): ""מסננים. שומרים."""
mv2,meat,בשר עם זיתים,medium,short_step,steps[3],"שלב 3 קצר מאוד (15 תווים): ""מבשלים 50 דקות."""
mv3,meat,קציצות בקר עם שומשום,medium,short_step,steps[2],"שלב 2 קצר מאוד (16 תווים): ""מגלגלים בשומשום."""
cv1,chick,עוף עם שזיפים,medium,short_step,steps[3],"שלב 3 קצר מאוד (15 תווים): ""מבשלים 40 דקות."""
cv3,chick,עוף עם תבלין ראס אל-חנות,medium,short_step,steps[2],"שלב 2 קצר מאוד (18 תווים): ""צורבים מכל הצדדים."""
cv3,chick,עוף עם תבלין ראס אל-חנות,medium,short_step,steps[4],"שלב 4 קצר מאוד (15 תווים): ""מבשלים 50 דקות."""
cv5,chick,עוף עם ביצה קשה,medium,short_step,steps[1],"שלב 1 קצר מאוד (11 תווים): ""צורבים עוף."""
cv5,chick,עוף עם ביצה קשה,medium,short_step,steps[3],"שלב 3 קצר מאוד (12 תווים): ""מוסיפים מים."""
cv5,chick,עוף עם ביצה קשה,medium,short_step,steps[4],"שלב 4 קצר מאוד (15 תווים): ""מבשלים 38 דקות."""
hv3,hol,קוסקוס ים,medium,short_step,steps[2],"שלב 2 קצר מאוד (12 תווים): ""מוסיפים מים."""
hv4,hol,פרנה מימונה,medium,short_step,steps[2],"שלב 2 קצר מאוד (14 תווים): ""תפיחה 45 דקות."""
hv5,hol,ראש שנה מרוקאי — שולחן,medium,short_step,steps[2],"שלב 2 קצר מאוד (15 תווים): ""מכינים ראש כבש."""
dv4,des,ריבת ענבים לבנים,medium,short_step,steps[1],"שלב 1 קצר מאוד (14 תווים): ""שמים הכל בסיר."""
dv4,des,ריבת ענבים לבנים,medium,short_step,steps[2],"שלב 2 קצר מאוד (15 תווים): ""מבשלים 50 דקות."""
dv5,des,עוגת אגסים,medium,short_step,steps[1],"שלב 1 קצר מאוד (17 תווים): ""מחממים תנור 170°."""
dv5,des,עוגת אגסים,medium,short_step,steps[4],"שלב 4 קצר מאוד (13 תווים): ""מקפלים אגסים."""
dv5,des,עוגת אגסים,medium,short_step,steps[5],"שלב 5 קצר מאוד (14 תווים): ""אופים 40 דקות."""
spv2,span,קלאמרס — דיונון,medium,short_step,steps[1],"שלב 1 קצר מאוד (16 תווים): ""מטגנים בצל ושום."""
spv2,span,קלאמרס — דיונון,medium,short_step,steps[3],"שלב 3 קצר מאוד (12 תווים): ""מוסיפים דיו."""
spv2,span,קלאמרס — דיונון,medium,short_step,steps[4],"שלב 4 קצר מאוד (15 תווים): ""מבשלים 25 דקות."""
spv3,span,טיירה דה פשקה,medium,short_step,steps[1],"שלב 1 קצר מאוד (17 תווים): ""מחממים תנור 180°."""
spv5,span,ביסקוצ׳ו שקדים,medium,short_step,steps[1],"שלב 1 קצר מאוד (17 תווים): ""מחממים תנור 170°."""
sw1,soups,מרק חרירה כפרית,medium,short_step,steps[4],"שלב 4 קצר מאוד (15 תווים): ""מבשלים 55 דקות."""
sw2,soups,מרק שבת של עדשים ושומשום,medium,short_step,steps[1],"שלב 1 קצר מאוד (16 תווים): ""מטגנים בצל ושום."""
sw2,soups,מרק שבת של עדשים ושומשום,medium,short_step,steps[3],"שלב 3 קצר מאוד (19 תווים): ""מוסיפים עדשים ומים."""
sw3,soups,מרק דלעת וג׳ינג׳ר מסורתי,medium,short_step,steps[1],"שלב 1 קצר מאוד (11 תווים): ""מטגנים בצל."""
sw3,soups,מרק דלעת וג׳ינג׳ר מסורתי,medium,short_step,steps[3],"שלב 3 קצר מאוד (12 תווים): ""מוסיפים מים."""
sw4,soups,מרק אפונה ועוף,medium,short_step,steps[1],"שלב 1 קצר מאוד (16 תווים): ""מטגנים בצל ושום."""
sw4,soups,מרק אפונה ועוף,medium,short_step,steps[3],"שלב 3 קצר מאוד (12 תווים): ""מוסיפים מרק."""
sw4,soups,מרק אפונה ועוף,medium,short_step,steps[4],"שלב 4 קצר מאוד (15 תווים): ""מבשלים 20 דקות."""
sw5,soups,מרק כוסמת מרוקאי,medium,short_step,steps[1],"שלב 1 קצר מאוד (16 תווים): ""מטגנים בצל ושום."""
sw5,soups,מרק כוסמת מרוקאי,medium,short_step,steps[3],"שלב 3 קצר מאוד (12 תווים): ""מוסיפים מים."""
sw5,soups,מרק כוסמת מרוקאי,medium,short_step,steps[4],"שלב 4 קצר מאוד (15 תווים): ""מבשלים 28 דקות."""
fw2,fish,דג עם ירקות שורש,medium,short_step,steps[3],"שלב 3 קצר מאוד (10 תווים): ""מניחים דג."""
fw3,fish,פשטידת טונה מרוקאית,medium,short_step,steps[1],"שלב 1 קצר מאוד (19 תווים): ""מטגנים בצל עד זהוב."""
fw4,fish,דג עם אגסים ירוקים,medium,short_step,steps[3],"שלב 3 קצר מאוד (10 תווים): ""מניחים דג."""
mw2,meat,כבש עם זיתים,medium,short_step,steps[3],"שלב 3 קצר מאוד (15 תווים): ""מבשלים 60 דקות."""
mw3,meat,בשר עם אפרסקים,medium,short_step,steps[3],"שלב 3 קצר מאוד (15 תווים): ""מבשלים 50 דקות."""
mw4,meat,קציצות עם שום קונפי,medium,short_step,steps[2],"שלב 2 קצר מאוד (14 תווים): ""מכינים קציצות."""
mw5,meat,קוזידו מרוקאי,medium,short_step,steps[2],"שלב 2 קצר מאוד (11 תווים): ""מסירים קצף."""
cw1,chick,עוף עם שמיר ולמון,medium,short_step,steps[1],"שלב 1 קצר מאוד (11 תווים): ""צורבים עוף."""
cw1,chick,עוף עם שמיר ולמון,medium,short_step,steps[3],"שלב 3 קצר מאוד (15 תווים): ""מבשלים 40 דקות."""
cw2,chick,עוף סטייל מרוקאי,medium,short_step,steps[1],"שלב 1 קצר מאוד (11 תווים): ""צורבים עוף."""
cw2,chick,עוף סטייל מרוקאי,medium,short_step,steps[3],"שלב 3 קצר מאוד (12 תווים): ""מוסיפים מים."""
cw2,chick,עוף סטייל מרוקאי,medium,short_step,steps[4],"שלב 4 קצר מאוד (15 תווים): ""מבשלים 48 דקות."""
cw3,chick,עוף עם אנשובי ורוזמרין,medium,short_step,steps[1],"שלב 1 קצר מאוד (11 תווים): ""צורבים עוף."""
cw3,chick,עוף עם אנשובי ורוזמרין,medium,short_step,steps[4],"שלב 4 קצר מאוד (15 תווים): ""מבשלים 42 דקות."""
cw4,chick,עוף עם תאנים ואגוזים,medium,short_step,steps[3],"שלב 3 קצר מאוד (15 תווים): ""מבשלים 40 דקות."""
cw5,chick,כנפיים בחמאת לימון,medium,short_step,steps[2],"שלב 2 קצר מאוד (17 תווים): ""מורחים על כנפיים."""
hw1,hol,כבש צלוי מלא — עיד,medium,short_step,steps[2],"שלב 2 קצר מאוד (16 תווים): ""משהים שעה לפחות."""
hw2,hol,בנינו — עוגיות חינה,medium,short_step,steps[3],"שלב 3 קצר מאוד (17 תווים): ""אופים 18–20 דקות."""
hw3,hol,קוסקוס בצל,medium,short_step,steps[4],"שלב 4 קצר מאוד (18 תווים): ""קוסקוס עם בצל מעל."""
hw4,hol,פשטידת שבועות,medium,short_step,steps[1],"שלב 1 קצר מאוד (17 תווים): ""מחממים תנור 170°."""
dw1,des,כדורי שוקולד מרוקאיים,medium,short_step,steps[1],"שלב 1 קצר מאוד (14 תווים): ""ממיסים שוקולד."""
dw2,des,עוגיות לוז — אגוזי לוז,medium,short_step,steps[1],"שלב 1 קצר מאוד (17 תווים): ""מחממים תנור 155°."""
dw2,des,עוגיות לוז — אגוזי לוז,medium,short_step,steps[4],"שלב 4 קצר מאוד (14 תווים): ""אופים 15 דקות."""
dw3,des,ריבת לימון ספרדית,medium,short_step,steps[2],"שלב 2 קצר מאוד (12 תווים): ""טוחנים קלות."""
dw4,des,פנה קוטה מרוקאית,medium,short_step,steps[3],"שלב 3 קצר מאוד (15 תווים): ""יוצקים לתבניות."""
dw4,des,פנה קוטה מרוקאית,medium,short_step,steps[4],"שלב 4 קצר מאוד (14 תווים): ""מקררים 4 שעות."""
dw5,des,ענבים מקורמלים,medium,short_step,steps[3],"שלב 3 קצר מאוד (15 תווים): ""מניחים להתייצב."""
spw4,span,סופריטו בסיסי,medium,short_step,steps[2],"שלב 2 קצר מאוד (13 תווים): ""מוסיפים פלפל."""
spw5,span,סאינה — ירקות חמוצים ספרדיים,medium,short_step,steps[3],"שלב 3 קצר מאוד (15 תווים): ""מצננים 48 שעות."""
saxx1,soups,מרק שום קלוי,medium,short_step,steps[3],"שלב 3 קצר מאוד (16 תווים): ""מוסיפים מרק עוף."""
saxx2,soups,מרק כוסברה וביצה,medium,short_step,steps[3],"שלב 3 קצר מאוד (15 תווים): ""מבשלים 10 דקות."""
saxx3,soups,מרק פריקה עם כבש,medium,short_step,steps[5],"שלב 5 קצר מאוד (15 תווים): ""מוסיפים כוסברה."""
saxx4,soups,מרק שעועית שחורה מרוקאי,medium,short_step,steps[1],"שלב 1 קצר מאוד (16 תווים): ""מטגנים בצל ושום."""
saxx4,soups,מרק שעועית שחורה מרוקאי,medium,short_step,steps[5],"שלב 5 קצר מאוד (14 תווים): ""מוסיפים לימון."""
saxx5,soups,מרק לוביא,medium,short_step,steps[1],"שלב 1 קצר מאוד (16 תווים): ""מטגנים בצל ושום."""
saxx5,soups,מרק לוביא,medium,short_step,steps[3],"שלב 3 קצר מאוד (12 תווים): ""מוסיפים מים."""
vef9,veg,ממולאי ריקוטה ותרד,medium,short_step,steps[1],"שלב 1 קצר מאוד (17 תווים): ""מחממים תנור 180°."""
vef9,veg,ממולאי ריקוטה ותרד,medium,short_step,steps[4],"שלב 4 קצר מאוד (14 תווים): ""אופים 30 דקות."""
vef11,veg,זיתים מרוקאיים תבלינים,medium,short_step,steps[1],"שלב 1 קצר מאוד (19 תווים): ""מערבבים הכל בצנצנת."""
vef12,veg,שעועית ירוקה עם עגבנייה,medium,short_step,steps[1],"שלב 1 קצר מאוד (11 תווים): ""מטגנים שום."""
vef12,veg,שעועית ירוקה עם עגבנייה,medium,short_step,steps[4],"שלב 4 קצר מאוד (15 תווים): ""מבשלים 20 דקות."""
fif7,fish,חריימה ירוקה,medium,short_step,steps[4],"שלב 4 קצר מאוד (15 תווים): ""מבשלים 15 דקות."""
fif8,fish,דג בחלב שקדים,medium,short_step,steps[3],"שלב 3 קצר מאוד (10 תווים): ""מניחים דג."""
fif9,fish,דג אפוי עם פיסטוק,medium,short_step,steps[1],"שלב 1 קצר מאוד (17 תווים): ""מחממים תנור 200°."""
fif10,fish,דג עם רוטב חרוב,medium,short_step,steps[2],"שלב 2 קצר מאוד (18 תווים): ""מוסיפים כמון ומים."""
fif10,fish,דג עם רוטב חרוב,medium,short_step,steps[3],"שלב 3 קצר מאוד (10 תווים): ""מניחים דג."""
fif10,fish,דג עם רוטב חרוב,medium,short_step,steps[4],"שלב 4 קצר מאוד (15 תווים): ""מבשלים 15 דקות."""
mef6,meat,שיפוד בשר על גריל,medium,short_step,steps[2],"שלב 2 קצר מאוד (19 תווים): ""מגלגלים על שיפודים."""
mef7,meat,כבש מבושל עם חרמולה,medium,short_step,steps[3],"שלב 3 קצר מאוד (12 תווים): ""מוסיפים מים."""
mef7,meat,כבש מבושל עם חרמולה,medium,short_step,steps[4],"שלב 4 קצר מאוד (15 תווים): ""מבשלים 65 דקות."""
mef8,meat,בשר עם תמרים ושקדים,medium,short_step,steps[3],"שלב 3 קצר מאוד (15 תווים): ""מבשלים 55 דקות."""
mef8,meat,בשר עם תמרים ושקדים,medium,short_step,steps[5],"שלב 5 קצר מאוד (13 תווים): ""מפזרים שקדים."""
mef10,meat,כבד עגל עם שרי,medium,short_step,steps[4],"שלב 4 קצר מאוד (17 תווים): ""מפזרים פטרוזיליה."""
chfx1,chick,עוף עם שום קלוי ולמון,medium,short_step,steps[1],"שלב 1 קצר מאוד (11 תווים): ""צורבים עוף."""
chfx1,chick,עוף עם שום קלוי ולמון,medium,short_step,steps[3],"שלב 3 קצר מאוד (12 תווים): ""מוסיפים מים."""
chfx2,chick,עוף עם גרגרי חרדל,medium,short_step,steps[1],"שלב 1 קצר מאוד (11 תווים): ""צורבים עוף."""
chfx2,chick,עוף עם גרגרי חרדל,medium,short_step,steps[2],"שלב 2 קצר מאוד (18 תווים): ""מוסיפים שום וחרדל."""
chfx2,chick,עוף עם גרגרי חרדל,medium,short_step,steps[3],"שלב 3 קצר מאוד (17 תווים): ""מוסיפים יין ומים."""
chfx3,chick,עוף עם ענבי יין שחורים,medium,short_step,steps[1],"שלב 1 קצר מאוד (11 תווים): ""צורבים עוף."""
chfx3,chick,עוף עם ענבי יין שחורים,medium,short_step,steps[3],"שלב 3 קצר מאוד (15 תווים): ""מבשלים 38 דקות."""
chfx5,chick,עוף עם ריבת תאנים,medium,short_step,steps[3],"שלב 3 קצר מאוד (15 תווים): ""מבשלים 40 דקות."""
chfx5,chick,עוף עם ריבת תאנים,medium,short_step,steps[5],"שלב 5 קצר מאוד (13 תווים): ""מפזרים שקדים."""
holfx2,hol,בריואט סרדינים,medium,short_step,steps[3],"שלב 3 קצר מאוד (15 תווים): ""מטגנים עד זהוב."""
holfx5,hol,פסה — לחם מקושקש,medium,short_step,steps[2],"שלב 2 קצר מאוד (14 תווים): ""תפיחה 30 דקות."""
def6,des,קרמל מרוקאי,medium,short_step,steps[2],"שלב 2 קצר מאוד (11 תווים): ""מחממים חלב."""
def7,des,עוגת תאנים ושקדים,medium,short_step,steps[1],"שלב 1 קצר מאוד (17 תווים): ""מחממים תנור 170°."""
def7,des,עוגת תאנים ושקדים,medium,short_step,steps[5],"שלב 5 קצר מאוד (14 תווים): ""אופים 40 דקות."""
def9,des,מוצ׳ה מרוקאי,medium,short_step,steps[1],"שלב 1 קצר מאוד (14 תווים): ""ממיסים שוקולד."""
def10,des,ריבת שומר,medium,short_step,steps[1],"שלב 1 קצר מאוד (14 תווים): ""שמים הכל בסיר."""
def10,des,ריבת שומר,medium,short_step,steps[3],"שלב 3 קצר מאוד (16 תווים): ""מעבירים לצנצנות."""
spnx1,span,אייולי מרוקאי,medium,short_step,steps[3],"שלב 3 קצר מאוד (18 תווים): ""מוסיפים כמון ומלח."""
spnx5,span,ח׳מון קון מלון,medium,short_step,steps[2],"שלב 2 קצר מאוד (17 תווים): ""מניחים גבינה מעל."""
sn15,soups,מרק חיטה ועדשים,medium,short_step,steps[1],"שלב 1 קצר מאוד (16 תווים): ""מטגנים בצל ושום."""
sn15,soups,מרק חיטה ועדשים,medium,short_step,steps[4],"שלב 4 קצר מאוד (15 תווים): ""מוסיפים כוסברה."""
sn16,soups,מרק ז׳שמה — מרוקאי,medium,short_step,steps[3],"שלב 3 קצר מאוד (15 תווים): ""מבשלים 30 דקות."""
sn17,soups,מרק שיבולת שועל ותמרים,medium,short_step,steps[1],"שלב 1 קצר מאוד (16 תווים): ""מחממים חלב ומים."""
sn18,soups,מרק עדשים ובטטה,medium,short_step,steps[1],"שלב 1 קצר מאוד (16 תווים): ""מטגנים בצל ושום."""
sn18,soups,מרק עדשים ובטטה,medium,short_step,steps[3],"שלב 3 קצר מאוד (12 תווים): ""מוסיפים מים."""
sn19,soups,מרק ירוק מרוקאי,medium,short_step,steps[2],"שלב 2 קצר מאוד (19 תווים): ""מוסיפים עשבים ומים."""
ve10,veg,כרובית עם ציפוי תהינה,medium,short_step,steps[4],"שלב 4 קצר מאוד (18 תווים): ""מכינים רוטב טחינה."""
ve12,veg,ארוגולה ופרמזן מרוקאי,medium,short_step,steps[3],"שלב 3 קצר מאוד (19 תווים): ""מזליפים שמן ולימון."""
fe8,fish,בוריד — דג עם שמן ותבלין,medium,short_step,steps[3],"שלב 3 קצר מאוד (10 תווים): ""מניחים דג."""
fe9,fish,דג עם כרוב ים,medium,short_step,steps[1],"שלב 1 קצר מאוד (19 תווים): ""מטגנים כרוב 8 דקות."""
fe9,fish,דג עם כרוב ים,medium,short_step,steps[3],"שלב 3 קצר מאוד (10 תווים): ""מניחים דג."""
me6,meat,בשר עם פסטה מרוקאי,medium,short_step,steps[3],"שלב 3 קצר מאוד (15 תווים): ""מבשלים 45 דקות."""
me7,meat,כבש עם תפוח אדמה ושמיר,medium,short_step,steps[2],"שלב 2 קצר מאוד (12 תווים): ""מוסיפים מים."""
me7,meat,כבש עם תפוח אדמה ושמיר,medium,short_step,steps[3],"שלב 3 קצר מאוד (15 תווים): ""מבשלים 55 דקות."""
me8,meat,טאג׳ין בקר עם זיתים,medium,short_step,steps[3],"שלב 3 קצר מאוד (15 תווים): ""מבשלים 55 דקות."""
me9,meat,קציצות עם כרישה,medium,short_step,steps[1],"שלב 1 קצר מאוד (14 תווים): ""מכינים קציצות."""
me9,meat,קציצות עם כרישה,medium,short_step,steps[3],"שלב 3 קצר מאוד (13 תווים): ""מוסיפים שמנת."""
me10,meat,כבש עם כרובית ורוטב,medium,short_step,steps[3],"שלב 3 קצר מאוד (15 תווים): ""מבשלים 55 דקות."""
ce6,chick,עוף קריספי בתנור,medium,short_step,steps[1],"שלב 1 קצר מאוד (17 תווים): ""מחממים תנור 220°."""
ce6,chick,עוף קריספי בתנור,medium,short_step,steps[3],"שלב 3 קצר מאוד (14 תווים): ""משהים 15 דקות."""
ce7,chick,כנפיים עם תמרים,medium,short_step,steps[3],"שלב 3 קצר מאוד (14 תווים): ""אופים 35 דקות."""
ce7,chick,כנפיים עם תמרים,medium,short_step,steps[4],"שלב 4 קצר מאוד (13 תווים): ""מפזרים שקדים."""
ce9,chick,עוף עם ריבת שזיפים,medium,short_step,steps[3],"שלב 3 קצר מאוד (15 תווים): ""מבשלים 38 דקות."""
ce10,chick,עוף בדרום מרוקו,medium,short_step,steps[2],"שלב 2 קצר מאוד (19 תווים): ""מוסיפים ב׳לחה ומים."""
ce10,chick,עוף בדרום מרוקו,medium,short_step,steps[3],"שלב 3 קצר מאוד (15 תווים): ""מבשלים 50 דקות."""
hn20,hol,בטבוט — לחם מרוקאי חגיגי,medium,short_step,steps[1],"שלב 1 קצר מאוד (16 תווים): ""לשים בצק 8 דקות."""
hn20,hol,בטבוט — לחם מרוקאי חגיגי,medium,short_step,steps[2],"שלב 2 קצר מאוד (14 תווים): ""תפיחה 40 דקות."""
dn11,des,עוגיות חינה שקדים,medium,short_step,steps[1],"שלב 1 קצר מאוד (17 תווים): ""מחממים תנור 160°."""
dn11,des,עוגיות חינה שקדים,medium,short_step,steps[4],"שלב 4 קצר מאוד (14 תווים): ""אופים 18 דקות."""
dn12,des,ריבת קיווי,medium,short_step,steps[1],"שלב 1 קצר מאוד (14 תווים): ""שמים הכל בסיר."""
dn12,des,ריבת קיווי,medium,short_step,steps[2],"שלב 2 קצר מאוד (15 תווים): ""מבשלים 40 דקות."""
dn14,des,ריבת כרוב אדום,medium,short_step,steps[1],"שלב 1 קצר מאוד (14 תווים): ""שמים הכל בסיר."""
spe7,span,חוקינוס ספרדיים,medium,short_step,steps[1],"שלב 1 קצר מאוד (17 תווים): ""מחממים תנור 165°."""
spe7,span,חוקינוס ספרדיים,medium,short_step,steps[2],"שלב 2 קצר מאוד (12 תווים): ""מערבבים הכל."""
spe7,span,חוקינוס ספרדיים,medium,short_step,steps[4],"שלב 4 קצר מאוד (14 תווים): ""אופים 15 דקות."""
spe8,span,מנחה אנדלוסית,medium,short_step,steps[3],"שלב 3 קצר מאוד (16 תווים): ""מניחים על לחמון."""
spe9,span,ביסקוצ׳ו בורצ׳ו,medium,short_step,steps[1],"שלב 1 קצר מאוד (17 תווים): ""מחממים תנור 170°."""
spe9,span,ביסקוצ׳ו בורצ׳ו,medium,short_step,steps[4],"שלב 4 קצר מאוד (14 תווים): ""אופים 35 דקות."""
spe10,span,פאן דה-מוארטוס,medium,short_step,steps[1],"שלב 1 קצר מאוד (16 תווים): ""לשים בצק 8 דקות."""
spe10,span,פאן דה-מוארטוס,medium,short_step,steps[2],"שלב 2 קצר מאוד (14 תווים): ""תפיחה 40 דקות."""
iq12,iraq,ג׳אג׳יק (יוגורט ומלפפון),medium,short_step,steps[3],"שלב 3 קצר מאוד (11 תווים): ""מצננים שעה."""
iq20,iraq,כבד ולב עיראקי מטוגן,medium,short_step,steps[4],"שלב 4 קצר מאוד (18 תווים): ""מגישים מיד עם לחם."""
iq29,iraq,טמר (עוגיות תמר עיראקיות),medium,short_step,steps[4],"שלב 4 קצר מאוד (17 תווים): ""אופים 18–20 דקות."""
ku13,kurd,כבוב כורדי בתבנית,medium,short_step,steps[4],"שלב 4 קצר מאוד (14 תווים): ""אופים 25 דקות."""
ku22,kurd,ריבת חבוש כורדית,medium,short_step,steps[2],"שלב 2 קצר מאוד (14 תווים): ""מביאים לרתיחה."""
ku27,kurd,ממחל (שדה אגוזים),medium,short_step,steps[2],"שלב 2 קצר מאוד (17 תווים): ""מגישים עם לחם חם."""
ku28,kurd,תבשיל גבינה ועגבניות,medium,short_step,steps[4],"שלב 4 קצר מאוד (18 תווים): ""מגישים עם לחם טרי."""
ku30,kurd,מרק בצל כורדי,medium,short_step,steps[5],"שלב 5 קצר מאוד (19 תווים): ""מגישים עם לחם קלוי."""
as8,ashk,קרפלך (כיסוני בשר),medium,short_step,steps[5],"שלב 5 קצר מאוד (16 תווים): ""מגישים במרק עוף."""
as12,ashk,צימעס (גזר עם פירות יבשים),medium,short_step,steps[2],"שלב 2 קצר מאוד (15 תווים): ""מבשלים 20 דקות."""
as14,ashk,בלינצ׳ס (פנקייק שמרים),medium,short_step,steps[3],"שלב 3 קצר מאוד (17 תווים): ""תפיחה 30–40 דקות."""
as15,ashk,עוגת שמרים עם קינמון (שטרויזל),medium,short_step,steps[2],"שלב 2 קצר מאוד (16 תווים): ""מחממים תנור 180."""
as17,ashk,פשטידת גבינה (קוגל גבינה),medium,short_step,steps[3],"שלב 3 קצר מאוד (14 תווים): ""אופים 45 דקות."""
as18,ashk,איינגמאכ׳טס (ריבת צנוניות),medium,short_step,steps[4],"שלב 4 קצר מאוד (15 תווים): ""יוצקים לצנצנות."""
as23,ashk,סלט הרינג (דג מלוח),medium,short_step,steps[5],"שלב 5 קצר מאוד (17 תווים): ""מצננים שעה לפחות."""
as25,ashk,מרק ירק אשכנזי,medium,short_step,steps[2],"שלב 2 קצר מאוד (11 תווים): ""מסירים קצף."""
as26,ashk,לאקסנין קופ (ראש אטריות),medium,short_step,steps[2],"שלב 2 קצר מאוד (16 תווים): ""מחממים תנור 180."""
as28,ashk,עוגת תפוחים שמרים,medium,short_step,steps[2],"שלב 2 קצר מאוד (16 תווים): ""מחממים תנור 175."""
as28,ashk,עוגת תפוחים שמרים,medium,short_step,steps[4],"שלב 4 קצר מאוד (16 תווים): ""מכסים בבצק השני."""
as28,ashk,עוגת תפוחים שמרים,medium,short_step,steps[5],"שלב 5 קצר מאוד (17 תווים): ""אופים 33–35 דקות."""
as30,ashk,חנקלך (לחמניות מטוגנות),medium,short_step,steps[4],"שלב 4 קצר מאוד (17 תווים): ""מפזרים אבקת סוכר."""
ye8,yem,אסיד (בצק בישול),medium,short_step,steps[1],"שלב 1 קצר מאוד (19 תווים): ""מרתיחים מים עם מלח."""
ye9,yem,פחסה (ראש כבש),medium,short_step,steps[2],"שלב 2 קצר מאוד (19 תווים): ""לרתיחה. מסירים קצף."""
ye14,yem,שניה (בצק מטוגן ממולא),medium,short_step,steps[2],"שלב 2 קצר מאוד (14 תווים): ""מערבבים מילוי."""
ye15,yem,מרק פחסה (ציר עצמות),medium,short_step,steps[3],"שלב 3 קצר מאוד (11 תווים): ""מסירים קצף."""
ye18,yem,ביניות (ירקות מבושלים),medium,short_step,steps[2],"שלב 2 קצר מאוד (16 תווים): ""מוסיפים תבלינים."""
ye18,yem,ביניות (ירקות מבושלים),medium,short_step,steps[3],"שלב 3 קצר מאוד (19 תווים): ""מוסיפים ירקות ומים."""
ye21,yem,בנת א-שאן (לחם דבש),medium,short_step,steps[4],"שלב 4 קצר מאוד (17 תווים): ""אופים 23–25 דקות."""
ye22,yem,מרק עוף תימני עם זחוק,medium,short_step,steps[2],"שלב 2 קצר מאוד (11 תווים): ""מסירים קצף."""
ye23,yem,כחלן (כבד עוף מטוגן),medium,short_step,steps[1],"שלב 1 קצר מאוד (11 תווים): ""מתבלים כבד."""
ye24,yem,גרגושה (עוגיות טחינה תימניות),medium,short_step,steps[1],"שלב 1 קצר מאוד (16 תווים): ""מחממים תנור 165."""
ye24,yem,גרגושה (עוגיות טחינה תימניות),medium,short_step,steps[2],"שלב 2 קצר מאוד (17 תווים): ""מערבבים הכל לבצק."""
ye24,yem,גרגושה (עוגיות טחינה תימניות),medium,short_step,steps[4],"שלב 4 קצר מאוד (17 תווים): ""אופים 16–18 דקות."""
ye26,yem,אל-פת (לחם עגול אפוי),medium,short_step,steps[4],"שלב 4 קצר מאוד (17 תווים): ""מגישים חם עם גהי."""
ye28,yem,חבש (עוגת דבש),medium,short_step,steps[1],"שלב 1 קצר מאוד (16 תווים): ""מחממים תנור 170."""
ye28,yem,חבש (עוגת דבש),medium,short_step,steps[2],"שלב 2 קצר מאוד (19 תווים): ""מקציפים ביצים ודבש."""
ye28,yem,חבש (עוגת דבש),medium,short_step,steps[4],"שלב 4 קצר מאוד (17 תווים): ""אופים 33–35 דקות."""
ye30,yem,מן (לחם סוכר ואניס),medium,short_step,steps[2],"שלב 2 קצר מאוד (16 תווים): ""מחממים תנור 175."""
ye30,yem,מן (לחם סוכר ואניס),medium,short_step,steps[4],"שלב 4 קצר מאוד (17 תווים): ""אופים 28–30 דקות."""
pe12,pers,כבב קובידה (קציצה פרסית),medium,short_step,steps[2],"שלב 2 קצר מאוד (13 תווים): ""מקרר 30 דקות."""
pe19,pers,ג׳וז׳ (ממרח אגוזי מלך),medium,short_step,steps[3],"שלב 3 קצר מאוד (14 תווים): ""מגישים עם לחם."""
pe23,pers,נאן-ה-ברנג׳ (עוגיות אורז פרסיות),medium,short_step,steps[1],"שלב 1 קצר מאוד (16 תווים): ""מחממים תנור 160."""
pe23,pers,נאן-ה-ברנג׳ (עוגיות אורז פרסיות),medium,short_step,steps[4],"שלב 4 קצר מאוד (17 תווים): ""מקשטים בפיסטוקים."""
pe23,pers,נאן-ה-ברנג׳ (עוגיות אורז פרסיות),medium,short_step,steps[5],"שלב 5 קצר מאוד (17 תווים): ""אופים 18–20 דקות."""
pe25,pers,מרגן (לחם שטוח),medium,short_step,steps[4],"שלב 4 קצר מאוד (15 תווים): ""אופים 6–8 דקות."""
bu8,buk,שורבה (מרק בוכרי),medium,short_step,steps[2],"שלב 2 קצר מאוד (11 תווים): ""מסירים קצף."""
bu9,buk,ירוגי (סלט ירקות בוכרי),medium,short_step,steps[3],"שלב 3 קצר מאוד (11 תווים): ""מגישים מיד."""
bu12,buk,קיסמיק (חזרת עם סלק),medium,short_step,steps[2],"שלב 2 קצר מאוד (17 תווים): ""מגרדים סלק מבושל."""
bu12,buk,קיסמיק (חזרת עם סלק),medium,short_step,steps[4],"שלב 4 קצר מאוד (17 תווים): ""מצננים לפני הגשה."""
bu17,buk,דימלמה (ירקות ממולאים),medium,short_step,steps[1],"שלב 1 קצר מאוד (13 תווים): ""מכינים מילוי."""
bu17,buk,דימלמה (ירקות ממולאים),medium,short_step,steps[3],"שלב 3 קצר מאוד (12 תווים): ""מכינים רוטב."""
bu19,buk,נאן-ה-קנד (לחם מתוק),medium,short_step,steps[4],"שלב 4 קצר מאוד (17 תווים): ""אופים 23–25 דקות."""
bu21,buk,קסונסוי (כיסוני בשר קטנים),medium,short_step,steps[2],"שלב 2 קצר מאוד (13 תווים): ""מכינים מילוי."""
bu27,buk,משוא (חציל בשמן),medium,short_step,steps[3],"שלב 3 קצר מאוד (17 תווים): ""מצננים לפני הגשה."""
bu28,buk,נישאלדה (ריבת ורדים),medium,short_step,steps[4],"שלב 4 קצר מאוד (15 תווים): ""יוצקים לצנצנות."""
bu29,buk,טמל (עוגיות שמן),medium,short_step,steps[1],"שלב 1 קצר מאוד (16 תווים): ""מחממים תנור 165."""
bu29,buk,טמל (עוגיות שמן),medium,short_step,steps[2],"שלב 2 קצר מאוד (17 תווים): ""מערבבים הכל לבצק."""
bu29,buk,טמל (עוגיות שמן),medium,short_step,steps[4],"שלב 4 קצר מאוד (17 תווים): ""אופים 16–18 דקות."""
bu30,buk,חלואי לוח (חלווה גזר),medium,short_step,steps[4],"שלב 4 קצר מאוד (17 תווים): ""מוסיפים מי ורדים."""
tn8,tun,לחם תוניסי (חובז),medium,short_step,steps[4],"שלב 4 קצר מאוד (17 תווים): ""אופים 22–25 דקות."""
tn9,tun,מרק קוסקוס (צ׳ורבה),medium,short_step,steps[5],"שלב 5 קצר מאוד (16 תווים): ""ממשיכים 20 דקות."""
tn18,tun,כבב תוניסי בחריסה,medium,short_step,steps[2],"שלב 2 קצר מאוד (15 תווים): ""מחממים גריל חם."""
tn21,tun,גרבאח׳ (עוגיות שקדים),medium,short_step,steps[1],"שלב 1 קצר מאוד (16 תווים): ""מחממים תנור 170."""
tn21,tun,גרבאח׳ (עוגיות שקדים),medium,short_step,steps[2],"שלב 2 קצר מאוד (17 תווים): ""מערבבים הכל לבצק."""
tn21,tun,גרבאח׳ (עוגיות שקדים),medium,short_step,steps[4],"שלב 4 קצר מאוד (17 תווים): ""אופים 16–18 דקות."""
tn21,tun,גרבאח׳ (עוגיות שקדים),medium,short_step,steps[5],"שלב 5 קצר מאוד (17 תווים): ""מפזרים אבקת סוכר."""
tn22,tun,מרזגן (חמוצים תוניסיים),medium,short_step,steps[4],"שלב 4 קצר מאוד (16 תווים): ""שלושה ימים בחדר."""
tn25,tun,מחלביה (פודינג ורד),medium,short_step,steps[3],"שלב 3 קצר מאוד (17 תווים): ""מוסיפים מי ורדים."""
tn25,tun,מחלביה (פודינג ורד),medium,short_step,steps[5],"שלב 5 קצר מאוד (17 תווים): ""מקשטים בפיסטוקים."""
tn26,tun,עג׳ה (חביתה ירקות),medium,short_step,steps[1],"שלב 1 קצר מאוד (16 תווים): ""מחממים תנור 180."""
tn26,tun,עג׳ה (חביתה ירקות),medium,short_step,steps[3],"שלב 3 קצר מאוד (17 תווים): ""מחממים שמן במחבת."""
tn27,tun,גריוון (עוגיית שמן),medium,short_step,steps[1],"שלב 1 קצר מאוד (16 תווים): ""מחממים תנור 165."""
tn27,tun,גריוון (עוגיית שמן),medium,short_step,steps[2],"שלב 2 קצר מאוד (17 תווים): ""מערבבים הכל לבצק."""
tn27,tun,גריוון (עוגיית שמן),medium,short_step,steps[4],"שלב 4 קצר מאוד (17 תווים): ""אופים 16–18 דקות."""
tn28,tun,כבדה חריפה,medium,short_step,steps[1],"שלב 1 קצר מאוד (11 תווים): ""מתבלים כבד."""
tn29,tun,סמסה תוניסית (מאפה גבינה),medium,short_step,steps[1],"שלב 1 קצר מאוד (16 תווים): ""מחממים תנור 180."""
tn29,tun,סמסה תוניסית (מאפה גבינה),medium,short_step,steps[4],"שלב 4 קצר מאוד (17 תווים): ""אופים 16–18 דקות."""
is10,isr,עוף בפול ירוק,medium,short_step,steps[2],"שלב 2 קצר מאוד (19 תווים): ""מוסיפים עוף ומשחים."""
is11,isr,עוגיות הקפה (עוגיות שוקולד),medium,short_step,steps[1],"שלב 1 קצר מאוד (16 תווים): ""מחממים תנור 170."""
is11,isr,עוגיות הקפה (עוגיות שוקולד),medium,short_step,steps[2],"שלב 2 קצר מאוד (17 תווים): ""מערבבים הכל לבצק."""
is11,isr,עוגיות הקפה (עוגיות שוקולד),medium,short_step,steps[4],"שלב 4 קצר מאוד (17 תווים): ""אופים 13–15 דקות."""
is15,isr,עוף שוק מרינד לימון-שום,medium,short_step,steps[2],"שלב 2 קצר מאוד (16 תווים): ""מחממים תנור 200."""
is17,isr,עוגת תפוחים ישראלית,medium,short_step,steps[1],"שלב 1 קצר מאוד (16 תווים): ""מחממים תנור 170."""
is17,isr,עוגת תפוחים ישראלית,medium,short_step,steps[5],"שלב 5 קצר מאוד (14 תווים): ""אופים 50 דקות."""
is19,isr,ג׳חנון ישראלי (גרסה מהירה),medium,short_step,steps[3],"שלב 3 קצר מאוד (19 תווים): ""מניחים בתבנית שמנה."""
is20,isr,קרמבו ביתי,medium,short_step,steps[1],"שלב 1 קצר מאוד (16 תווים): ""מחממים תנור 180."""
is22,isr,לחמניות שמרים עם זרעים,medium,short_step,steps[4],"שלב 4 קצר מאוד (17 תווים): ""אופים 16–18 דקות."""
is25,isr,עוגת שוקולד חוקית,medium,short_step,steps[1],"שלב 1 קצר מאוד (16 תווים): ""מחממים תנור 170."""
is27,isr,ממרח גבינה עם עגבניות,medium,short_step,steps[3],"שלב 3 קצר מאוד (18 תווים): ""מגישים עם לחם טרי."""
is28,isr,חמין ישראלי,medium,short_step,steps[2],"שלב 2 קצר מאוד (16 תווים): ""מוסיפים תבלינים."""
is29,isr,גזפצ׳ו ישראלי,medium,short_step,steps[1],"שלב 1 קצר מאוד (18 תווים): ""טוחנים הכל בבלנדר."""
is30,isr,עוגיות קוקוס,medium,short_step,steps[1],"שלב 1 קצר מאוד (16 תווים): ""מחממים תנור 170."""
is30,isr,עוגיות קוקוס,medium,short_step,steps[2],"שלב 2 קצר מאוד (12 תווים): ""מערבבים הכל."""
tr1,turk,בורקס טורקי — גבינה ופטרוזיליה,medium,short_step,steps[1],"שלב 1 קצר מאוד (16 תווים): ""מחממים תנור 180."""
tr7,turk,ג׳אג׳יק (יוגורט מלפפון),medium,short_step,steps[3],"שלב 3 קצר מאוד (17 תווים): ""מצננים שעה לפחות."""
tr8,turk,חנום (כיסוני בשר אפויים),medium,short_step,steps[2],"שלב 2 קצר מאוד (13 תווים): ""מכינים מילוי."""
tr8,turk,חנום (כיסוני בשר אפויים),medium,short_step,steps[4],"שלב 4 קצר מאוד (14 תווים): ""מאדים 20 דקות."""
tr9,turk,פאסטל (פשטידת בשר),medium,short_step,steps[6],"שלב 6 קצר מאוד (17 תווים): ""אופים 33–35 דקות."""
tr11,turk,בריאם (ירקות אפויים),medium,short_step,steps[3],"שלב 3 קצר מאוד (17 תווים): ""אופים 38–40 דקות."""
tr13,turk,אימאם ביילדי (חצילים ממולאים),medium,short_step,steps[5],"שלב 5 קצר מאוד (14 תווים): ""אופים 35 דקות."""
tr16,turk,פאשטל (סמבוסק אפוי),medium,short_step,steps[1],"שלב 1 קצר מאוד (16 תווים): ""מחממים תנור 180."""
tr16,turk,פאשטל (סמבוסק אפוי),medium,short_step,steps[3],"שלב 3 קצר מאוד (14 תווים): ""מערבבים מילוי."""
tr17,turk,כבב איסטנבול,medium,short_step,steps[2],"שלב 2 קצר מאוד (13 תווים): ""מקרר 15 דקות."""
tr18,turk,מוחלבייה (פודינג ורד),medium,short_step,steps[3],"שלב 3 קצר מאוד (17 תווים): ""מוסיפים מי ורדים."""
tr20,turk,שושה (ריבת אגוזים),medium,short_step,steps[4],"שלב 4 קצר מאוד (15 תווים): ""יוצקים לצנצנות."""
tr21,turk,קאדאיף (חוטי בצק במי ורדים),medium,short_step,steps[1],"שלב 1 קצר מאוד (16 תווים): ""מחממים תנור 180."""
tr21,turk,קאדאיף (חוטי בצק במי ורדים),medium,short_step,steps[5],"שלב 5 קצר מאוד (13 תווים): ""מכינים סירופ."""
tr22,turk,מרמלאדה (ריבת תפוז),medium,short_step,steps[2],"שלב 2 קצר מאוד (16 תווים): ""סוחטים מיץ תפוז."""
tr22,turk,מרמלאדה (ריבת תפוז),medium,short_step,steps[5],"שלב 5 קצר מאוד (15 תווים): ""יוצקים לצנצנות."""
tr25,turk,אורז פילאף (טורקי),medium,short_step,steps[5],"שלב 5 קצר מאוד (14 תווים): ""אידוי 10 דקות."""
tr26,turk,מוסקה טורקית-יהודית,medium,short_step,steps[5],"שלב 5 קצר מאוד (14 תווים): ""אופים 30 דקות."""
tr27,turk,סרמה (עלי גפן ממולאים),medium,short_step,steps[2],"שלב 2 קצר מאוד (15 תווים): ""גוללים עלי גפן."""
tr28,turk,בקלאוה טורקית,medium,short_step,steps[1],"שלב 1 קצר מאוד (16 תווים): ""מחממים תנור 175."""
tr28,turk,בקלאוה טורקית,medium,short_step,steps[5],"שלב 5 קצר מאוד (17 תווים): ""אופים 28–30 דקות."""
tr29,turk,חלבה טורקית (חלבה שומשום),medium,short_step,steps[2],"שלב 2 קצר מאוד (18 תווים): ""מחממים טחינה לחמה."""
tr29,turk,חלבה טורקית (חלבה שומשום),medium,short_step,steps[5],"שלב 5 קצר מאוד (14 תווים): ""מצננים 2 שעות."""
tr30,turk,פשטידת אורז ועוף טורקית,medium,short_step,steps[2],"שלב 2 קצר מאוד (12 תווים): ""מערבבים הכל."""
sn30,soups,קלדו ברדו — ציר ספרדי יהודי עמוק,medium,short_step,steps[2],"שלב 2 קצר מאוד (18 תווים): ""מסירים קצף בקפידה."""
dn19,des,קראב-ביסו — עוגיות תמרים ושקדים לאורח,medium,short_step,steps[5],"שלב 5 קצר מאוד (17 תווים): ""מפדרים אבקת סוכר."""
sle19,salads,סלט תפוז וזיתים מרוקאי,medium,few_steps,steps,רק 1 שלבים (מומלץ לפחות 2)
sle21,salads,סלט ביצים קשות ועגבניות מרוקאי,medium,short_step,steps[2],"שלב 2 קצר מאוד (17 תווים): ""מפזרים פטרוזיליה."""
nk_hv3,nonkosher,קוסקוס ים,medium,short_step,steps[2],"שלב 2 קצר מאוד (12 תווים): ""מוסיפים מים."""
nk_spv2,nonkosher,קלאמרס — דיונון,medium,short_step,steps[1],"שלב 1 קצר מאוד (16 תווים): ""מטגנים בצל ושום."""
nk_spv2,nonkosher,קלאמרס — דיונון,medium,short_step,steps[3],"שלב 3 קצר מאוד (12 תווים): ""מוסיפים דיו."""
nk_spv2,nonkosher,קלאמרס — דיונון,medium,short_step,steps[4],"שלב 4 קצר מאוד (15 תווים): ""מבשלים 25 דקות."""
nk_se9,nonkosher,מרק בצל מרוקאי,medium,short_step,steps[2],"שלב 2 קצר מאוד (18 תווים): ""מוסיפים כמון ומרק."""
nk_chf3,nonkosher,עוף עם תפוח ועלי דפנה,medium,short_step,steps[1],"שלב 1 קצר מאוד (11 תווים): ""צורבים עוף."""
nk_chf3,nonkosher,עוף עם תפוח ועלי דפנה,medium,short_step,steps[3],"שלב 3 קצר מאוד (15 תווים): ""מבשלים 35 דקות."""
nk_add43,nonkosher,כבש עם גרגרי חרדל,medium,short_step,steps[3],"שלב 3 קצר מאוד (12 תווים): ""מוסיפים מים."""
nk_add43,nonkosher,כבש עם גרגרי חרדל,medium,short_step,steps[4],"שלב 4 קצר מאוד (15 תווים): ""מבשלים 60 דקות."""
nk_ex26,nonkosher,עוף ממולא לחינה — דארג,medium,short_step,steps[3],"שלב 3 קצר מאוד (13 תווים): ""מורחים ציפוי."""
nk_ex31,nonkosher,טאג׳ין כרוב ובשר,medium,short_step,steps[3],"שלב 3 קצר מאוד (15 תווים): ""מבשלים 55 דקות."""
nk_cw3,nonkosher,עוף עם אנשובי ורוזמרין,medium,short_step,steps[1],"שלב 1 קצר מאוד (11 תווים): ""צורבים עוף."""
nk_cw3,nonkosher,עוף עם אנשובי ורוזמרין,medium,short_step,steps[4],"שלב 4 קצר מאוד (15 תווים): ""מבשלים 42 דקות."""
nk_chfx2,nonkosher,עוף עם גרגרי חרדל,medium,short_step,steps[1],"שלב 1 קצר מאוד (11 תווים): ""צורבים עוף."""
nk_chfx2,nonkosher,עוף עם גרגרי חרדל,medium,short_step,steps[2],"שלב 2 קצר מאוד (18 תווים): ""מוסיפים שום וחרדל."""
nk_chfx2,nonkosher,עוף עם גרגרי חרדל,medium,short_step,steps[3],"שלב 3 קצר מאוד (17 תווים): ""מוסיפים יין ומים."""
nk_me9,nonkosher,קציצות עם כרישה,medium,short_step,steps[1],"שלב 1 קצר מאוד (14 תווים): ""מכינים קציצות."""
nk_me9,nonkosher,קציצות עם כרישה,medium,short_step,steps[3],"שלב 3 קצר מאוד (13 תווים): ""מוסיפים שמנת."""
nk_ku30,nonkosher,מרק בצל כורדי,medium,short_step,steps[5],"שלב 5 קצר מאוד (19 תווים): ""מגישים עם לחם קלוי."""
nk_tr8,nonkosher,חנום (כיסוני בשר אפויים),medium,short_step,steps[2],"שלב 2 קצר מאוד (13 תווים): ""מכינים מילוי."""
nk_tr8,nonkosher,חנום (כיסוני בשר אפויים),medium,short_step,steps[4],"שלב 4 קצר מאוד (14 תווים): ""מאדים 20 דקות."""
nk_tr26,nonkosher,מוסקה טורקית-יהודית,medium,short_step,steps[5],"שלב 5 קצר מאוד (14 תווים): ""אופים 30 דקות."""
